-- phpMyAdmin SQL Dump
-- version 5.1.1
-- https://www.phpmyadmin.net/
--
-- Host: localhost
-- Generation Time: Nov 07, 2021 at 05:16 PM
-- Server version: 10.4.21-MariaDB
-- PHP Version: 8.0.11

SET SQL_MODE = "NO_AUTO_VALUE_ON_ZERO";
START TRANSACTION;
SET time_zone = "+00:00";


/*!40101 SET @OLD_CHARACTER_SET_CLIENT=@@CHARACTER_SET_CLIENT */;
/*!40101 SET @OLD_CHARACTER_SET_RESULTS=@@CHARACTER_SET_RESULTS */;
/*!40101 SET @OLD_COLLATION_CONNECTION=@@COLLATION_CONNECTION */;
/*!40101 SET NAMES utf8mb4 */;

--
-- Database: `skola`
--

-- --------------------------------------------------------

--
-- Table structure for table `NastavnoOsoblje`
--

CREATE TABLE `NastavnoOsoblje` (
  `ID` int(11) NOT NULL,
  `Ime` varchar(100) NOT NULL,
  `Prezime` varchar(100) NOT NULL,
  `PredmetID` int(11) DEFAULT NULL
) ENGINE=InnoDB DEFAULT CHARSET=utf8;

--
-- Dumping data for table `NastavnoOsoblje`
--

INSERT INTO `NastavnoOsoblje` (`ID`, `Ime`, `Prezime`, `PredmetID`) VALUES
(1, 'Molojko', 'Pekic', 1),
(2, 'Petar', 'Lanovic', 1),
(3, 'Jevrem', 'Obilic', 2),
(4, 'Lana', 'Cvijic', 2),
(5, 'Frenk', 'Svetlovic', 3),
(6, 'Mitar', 'Guz', 3),
(7, 'Seckar', 'Urosevic', 4),
(8, 'Panta', 'Lemic', 4),
(9, 'Siptar', 'Tekic', 5),
(10, 'Kristina', 'Reljkovic', 5),
(11, 'Lepar', 'Menovic', 6),
(12, 'Boris', 'Duboka', 6),
(13, 'Kan', 'Cvetkovic', 7),
(14, 'Fandjio', 'Bengin', 7),
(15, 'Georgije', 'Zoric', 8),
(16, 'Luka', 'Avramovic', 8),
(17, 'Nada', 'Cuk', 9),
(18, 'Bela', 'Obrenovic', 9),
(19, 'Zebra', 'Zekic', 10),
(20, 'Mihajla', 'Vitanovic', 10),
(21, 'Sladjana', 'Melburn', 11),
(22, 'Slobodan', 'Mirjanovic', 11),
(23, 'Drvo', 'Kartal', 12),
(24, 'Nikola', 'Teric', 12),
(25, 'Tereza', 'Vita', 13),
(26, 'Daljko', 'Paljevina', 13),
(27, 'Aleksa', 'Senina', 14),
(28, 'Goca', 'Emilija', 14),
(29, 'Peca', 'Djordjevic', 15),
(30, 'Vladimir', 'Jankovic', 15),
(31, 'Ivana', 'Mijin', 16),
(32, 'Noa', 'Bogosavljevic', 16),
(33, 'Lazar', 'Ristic', 17),
(34, 'Elena', 'Prokic', 17),
(35, 'Lana', 'Lazarevic', 18),
(36, 'Katariana', 'Vukas', 18),
(37, 'Bela', 'Marijanovic', 19);

-- --------------------------------------------------------

--
-- Table structure for table `ObaveznostPredmeta`
--

CREATE TABLE `ObaveznostPredmeta` (
  `ID` tinyint(4) NOT NULL,
  `Naziv` varchar(30) NOT NULL,
  `Opis` varchar(200) NOT NULL
) ENGINE=InnoDB DEFAULT CHARSET=utf8;

--
-- Dumping data for table `ObaveznostPredmeta`
--

INSERT INTO `ObaveznostPredmeta` (`ID`, `Naziv`, `Opis`) VALUES
(1, 'Obavezan', 'Svaki učenik mora da završi ovaj predmet.'),
(2, 'Izborni', 'Učenik ima izbor između više različitih predmeta.');

-- --------------------------------------------------------

--
-- Table structure for table `Predmeti`
--

CREATE TABLE `Predmeti` (
  `ID` int(11) NOT NULL,
  `Naziv` varchar(200) NOT NULL,
  `Izborni` tinyint(1) NOT NULL DEFAULT 0 COMMENT '0 - obavezan\r\n1 - izborni',
  `Opis` varchar(200) DEFAULT NULL
) ENGINE=InnoDB DEFAULT CHARSET=utf8;

--
-- Dumping data for table `Predmeti`
--

INSERT INTO `Predmeti` (`ID`, `Naziv`, `Izborni`, `Opis`) VALUES
(1, 'Matematika', 1, ''),
(2, 'Srpski jezik', 1, ''),
(3, 'Italijanski jezik', 2, ''),
(4, 'Francuski jezik', 2, ''),
(5, 'Nemacki jezik', 2, ''),
(6, 'Ruski jezik', 2, ''),
(7, 'Spanski jezik', 2, ''),
(8, 'Biologija', 1, 'Ucenje o prirodi'),
(9, 'Priroda i drustvo', 1, 'Prethodnik biologiji i geografiji'),
(10, 'Engleski jezik', 1, ''),
(11, 'Geografija', 1, ''),
(12, 'Hemija', 1, ''),
(13, 'Fizika', 1, ''),
(14, 'Fizicko obrazovanje', 1, ''),
(15, 'Obavezne fizicke aktivnosti', 1, ''),
(16, 'Tehnika i tehnologija', 1, ''),
(17, 'Likovna kultura', 1, ''),
(18, 'Muzicka kultura', 1, ''),
(19, 'Informatika i racunarstvo', 1, ''),
(20, 'Istorija', 1, ''),
(21, 'Hor i orkestar', 2, ''),
(22, 'Gradjansko obrazovanje', 2, ''),
(23, 'Veronauka', 2, ''),
(24, 'Crtanje slikanje i vajanje', 2, ''),
(25, 'Cas odeljenskog staresine', 1, '');

-- --------------------------------------------------------

--
-- Table structure for table `Ucenici`
--

CREATE TABLE `Ucenici` (
  `ID` int(11) NOT NULL,
  `Ime` varchar(100) DEFAULT NULL,
  `Prezime` varchar(100) DEFAULT NULL,
  `Razred` tinyint(9) DEFAULT NULL,
  `Odeljenje` tinyint(20) DEFAULT NULL
) ENGINE=InnoDB DEFAULT CHARSET=utf8;

--
-- Dumping data for table `Ucenici`
--

INSERT INTO `Ucenici` (`ID`, `Ime`, `Prezime`, `Razred`, `Odeljenje`) VALUES
(814, 'Dijana', 'Lukic', 1, 1),
(815, 'Silvija', 'Tosic', 1, 1),
(816, 'Ljubica', 'Roslavcev', 1, 1),
(817, 'Bozidar', 'Markovic', 1, 1),
(818, 'Natalija', 'Aksentijevic', 1, 1),
(819, 'Dragana', 'Milicevic', 1, 1),
(820, 'Dario', 'Mladenovic', 1, 1),
(821, 'Nikola', 'Stojkovic', 1, 1),
(822, 'Katarina', 'Gudovic', 1, 1),
(823, 'Anita', 'Radeka', 1, 1),
(824, 'Bojan', 'Kuzeljevic', 1, 1),
(825, 'Neda', 'Vuckovic', 1, 1),
(826, 'Zorana', 'Joksimovic', 1, 1),
(827, 'Tamara', 'Milosevic', 1, 1),
(828, 'Ljubica', 'Telebak', 1, 1),
(829, 'Ana', 'Ristic', 1, 1),
(830, 'Goran', 'Rusov', 1, 1),
(831, 'Darko', 'Miladinovic', 1, 1),
(832, 'Marija', 'Radinovic', 1, 1),
(833, 'Aleksandar', 'Lendjel', 1, 1),
(834, 'Vuk', 'Ikonic', 1, 1),
(835, 'Milena', 'Kojic', 1, 1),
(836, 'Milica', 'Lukic', 1, 1),
(837, 'Igor', 'Eshafah', 1, 1),
(838, 'Stefan', 'Jankovic', 1, 1),
(839, 'Irena', 'Jesic', 1, 1),
(840, 'Janko', 'Avdic', 1, 1),
(841, 'Aleksandra', 'Mahdjik', 1, 1),
(842, 'Milena', 'Djukic', 1, 1),
(843, 'Darko', 'Rakinic', 1, 2),
(844, 'Slavisa', 'Krstic', 1, 2),
(845, 'Goran', 'Todoric', 1, 2),
(846, 'Lazar', 'Kuzeljevic', 1, 2),
(847, 'Nikola', 'Milic', 1, 2),
(848, 'Aleksandra', 'Pesovic', 1, 2),
(849, 'Tamara', 'Zujovic', 1, 2),
(850, 'Hamza', 'Milicevic', 1, 2),
(851, 'Jovana', 'Rusuloj', 1, 2),
(852, 'Aleksandar', 'Markovic', 1, 2),
(853, 'Milutin', 'Sojevic', 1, 2),
(854, 'Milena', 'Kotvas', 1, 2),
(855, 'Jovan', 'Drndarski', 1, 2),
(856, 'Aleksandar', 'Stojanovic', 1, 2),
(857, 'Aleksa', 'Randjelovic', 1, 2),
(858, 'Jelena', 'Lapcevic', 1, 2),
(859, 'Marko', 'Djuric', 1, 2),
(860, 'Milena', 'Milic', 1, 2),
(861, 'Ana', 'Panovic', 1, 2),
(862, 'Dubravka', 'Jovanovic', 1, 2),
(863, 'Vojin', 'Milanovic', 1, 2),
(864, 'Jovana', 'Maletic', 1, 2),
(865, 'Milena', 'Zlokas', 1, 2),
(866, 'Nemanja', 'Janjic', 1, 2),
(867, 'Sasa', 'Velanac', 1, 2),
(868, 'Dubravka', 'Vukomanovic', 1, 2),
(869, 'Luka', 'Matijevic', 1, 2),
(870, 'Maja', 'Petrovic', 1, 2),
(871, 'Danijela', 'Simic', 1, 2),
(872, 'Tomislav', 'Stojanovic', 1, 2),
(873, 'Dajana', 'Cakarevic', 1, 3),
(874, 'Milina', 'Ahmetovic', 1, 3),
(875, 'Nikola', 'Kojcinovic', 1, 3),
(876, 'Dalibor', 'Boskovic', 1, 3),
(877, 'Danilo', 'Tacic', 1, 3),
(878, 'Natasa', 'Milosevic', 1, 3),
(879, 'Nina', 'Srbljanin-Tubic', 1, 3),
(880, 'Nikola', 'Petrovic', 1, 3),
(881, 'Marijana', 'Vojinovic', 1, 3),
(882, 'Mirko', 'Vasilic', 1, 3),
(883, 'Marjan', 'Stojic', 1, 3),
(884, 'Vladana', 'Papovic', 1, 3),
(885, 'Marijana', 'Stanojevic', 1, 3),
(886, 'Olga', 'Brajevic', 1, 3),
(887, 'Tamara', 'Perisic', 1, 3),
(888, 'Nemanja', 'Djuric', 1, 3),
(889, 'Jelena', 'Velanac', 1, 3),
(890, 'Dusan', 'Pantic', 1, 3),
(891, 'Jasna', 'Grujic', 1, 3),
(892, 'Marija', 'Vidovic', 1, 3),
(893, 'Biljana', 'Mutavdzic', 1, 3),
(894, 'Marko', 'Tripkovic', 1, 3),
(895, 'Marko', 'Arizanovic', 1, 3),
(896, 'Marija', 'Caldovic', 1, 3),
(897, 'Bogdan', 'Biga', 1, 3),
(898, 'Andrija', 'Milosevic', 1, 3),
(899, 'Lazar', 'Jelic', 1, 3),
(900, 'Sinisa', 'Petrovic', 1, 3),
(901, 'Milica', 'Stankovic', 1, 3),
(902, 'Branislav', 'Rosic', 1, 3),
(903, 'Nenad', 'Stankovic', 1, 4),
(904, 'Milena', 'Jevtic', 1, 4),
(905, 'Marina', 'Glisic', 1, 4),
(906, 'Djurdja', 'Lugonja', 1, 4),
(907, 'Jelena', 'Ilic', 1, 4),
(908, 'Ognjenka', 'Minic', 1, 4),
(909, 'Ivana', 'Stankovic', 1, 4),
(910, 'Sanja', 'Rakic', 1, 4),
(911, 'Aleksandra', 'Radojicic', 1, 4),
(912, 'Maja', 'Djurdjevic', 1, 4),
(913, 'Boban', 'Vasiljevic', 1, 4),
(914, 'Marko', 'Petrovic', 1, 4),
(915, 'Ivan', 'Elmarghani', 1, 4),
(916, 'Milan', 'Brankovic', 1, 4),
(917, 'Milos', 'Maksimovic', 1, 4),
(918, 'Sventovit', 'Milosavljevic', 1, 4),
(919, 'Andreja', 'Davidovic', 2, 1),
(920, 'Nikola', 'Punisic', 2, 1),
(921, 'Vuk', 'Dimitrijevic', 2, 1),
(922, 'Marija', 'Maksimovic', 2, 1),
(923, 'Ivana', 'Milinkovic', 2, 1),
(924, 'Biljana', 'Biocanin', 2, 1),
(925, 'Jovana', 'Stanacic', 2, 1),
(926, 'Petar', 'Mitic', 2, 1),
(927, 'Marko', 'Dobricic', 2, 1),
(928, 'Milos', 'Bosnjak', 2, 1),
(929, 'Jela', 'Adam', 2, 1),
(930, 'Ljiljana', 'Krsmanovic', 2, 1),
(931, 'Relja', 'Savic', 2, 1),
(932, 'Vera', 'Dobric', 2, 1),
(933, 'Nevenka', 'Zlatanovic', 2, 1),
(934, 'Jovana', 'Kovacevic', 2, 1),
(935, 'Ivona', 'Marjanovic', 2, 1),
(936, 'Nevena', 'Todorovic', 2, 1),
(937, 'Ognjen', 'Kostovski', 2, 1),
(938, 'Jelena', 'Stankovic', 2, 1),
(939, 'Nevena', 'Roslavcev', 2, 1),
(940, 'Maja', 'Jovanovic', 2, 1),
(941, 'Jelena', 'Jovanovic', 2, 1),
(942, 'Milosavljevic', 'Ubovic', 2, 1),
(943, 'Vesna', 'Milojevic', 2, 1),
(944, 'Branislav', 'Smudja', 2, 1),
(945, 'Ivana', 'Maljkovic', 2, 1),
(946, 'Milica', 'Djordjevic', 2, 1),
(947, 'Jelena', 'Dramicanin', 2, 1),
(948, 'Sonja', 'Dulic', 2, 2),
(949, 'Milos', 'Lekic', 2, 2),
(950, 'Brankica', 'Grujic', 2, 2),
(951, 'Milos', 'Ratkovic', 2, 2),
(952, 'Marjan', 'Vlaskovic', 2, 2),
(953, 'Dejan', 'Lukovic', 2, 2),
(954, 'Luka', 'Kalicanin', 2, 2),
(955, 'Vladimir', 'Milojevic', 2, 2),
(956, 'Nikola', 'Vasilic', 2, 2),
(957, 'Marko', 'Markovic', 2, 2),
(958, 'David', 'Maslak', 2, 2),
(959, 'Ana', 'Milosavljevic', 2, 2),
(960, 'Milos', 'Marjanovic', 2, 2),
(961, 'Igor', 'Ivanovic', 2, 2),
(962, 'Jelena', 'Starcevic', 2, 2),
(963, 'Marija', 'Ivanovic', 2, 2),
(964, 'Darko', 'Peric', 2, 2),
(965, 'Olivera', 'Stankovic', 2, 2),
(966, 'Ivana', 'Maksimovic', 2, 2),
(967, 'Igor', 'Miok', 2, 2),
(968, 'Nemanja', 'Ruzic', 2, 2),
(969, 'Ivan', 'Starcevic', 2, 2),
(970, 'Dragoslav', 'Jankovic', 2, 2),
(971, 'Nina', 'Dragic', 2, 2),
(972, 'Andrea', 'Tadic', 2, 2),
(973, 'Bojana', 'Borisov', 2, 2),
(974, 'Natasa', 'Djukanovic', 2, 2),
(975, 'Dragana', 'Scepovic', 2, 2),
(976, 'Mihajlo', 'Zolic', 2, 2),
(977, 'Natasa', 'Ivankovic', 2, 2),
(978, 'Miroslav', 'Rakocevic', 2, 3),
(979, 'Vukasin', 'Pajic', 2, 3),
(980, 'Ana', 'Konstantinov', 2, 3),
(981, 'Vladimir', 'Borak', 2, 3),
(982, 'Jasmina', 'Mujagic', 2, 3),
(983, 'Cedomir', 'Jakovlevski', 2, 3),
(984, 'Marinko', 'Lukic', 2, 3),
(985, 'Dragana', 'Muljaic', 2, 3),
(986, 'Zorana', 'Danilovic', 2, 3),
(987, 'Aleksandar', 'Janjanin', 2, 3),
(988, 'Nikola', 'Urosevic', 2, 3),
(989, 'Jovica', 'Rasula', 2, 3),
(990, 'Milica', 'Krsmanovic', 2, 3),
(991, 'Djordje', 'Jevtic', 2, 3),
(992, 'Stojan', 'Arizanovic', 2, 3),
(993, 'Aleksandar', 'Velanac', 2, 3),
(994, 'Milan', 'Popovic', 2, 3),
(995, 'Lazar', 'Trbovic', 2, 3),
(996, 'Vladimir', 'Veljovic', 2, 3),
(997, 'Vladislav', 'Ilic', 2, 3),
(998, 'Maja', 'Djenic', 2, 3),
(999, 'Dragana', 'Cugurovic', 2, 3),
(1000, 'Petar', 'Lekic', 2, 3),
(1001, 'Mirjana', 'Sestic', 2, 3),
(1002, 'Ivan', 'Popovic', 2, 3),
(1003, 'Milos', 'Kundacina', 2, 3),
(1004, 'Hristina', 'Andrejevic', 2, 3),
(1005, 'Dusan', 'Babic', 2, 3),
(1006, 'Lazar', 'Kaludjerovic', 2, 3),
(1007, 'Slavisa', 'Jovanovic', 2, 3),
(1008, 'Sladjana', 'Stankic', 2, 4),
(1009, 'Dana', 'Curkovic', 2, 4),
(1010, 'Dusan', 'Stevancevic', 2, 4),
(1011, 'Milos', 'Tasic', 2, 4),
(1012, 'Radojka', 'Stojanovic', 2, 4),
(1013, 'Jasmina', 'Pavlovic', 2, 4),
(1014, 'Jovana', 'Asanovic', 2, 4),
(1015, 'Misa', 'Halaj', 2, 4),
(1016, 'Milos', 'Jovanovic', 2, 4),
(1017, 'Nenad', 'Mandak', 2, 4),
(1018, 'Jelena', 'Pesic', 2, 4),
(1019, 'Shadia', 'Milosevic', 2, 4),
(1020, 'Darko', 'Vatazovic', 2, 4),
(1021, 'Aleksandra', 'Bacanin DZakula', 2, 4),
(1022, 'Ivana', 'Grujic', 2, 4),
(1023, 'Borivoje', 'Zlateska', 2, 4),
(1024, 'Sanja', 'Bogdanovic', 3, 1),
(1025, 'Nemanja', 'Stankovic', 3, 1),
(1026, 'Stefan', 'Ilic', 3, 1),
(1027, 'Aleksandra', 'Brajevic', 3, 1),
(1028, 'Vojislav', 'Djuric', 3, 1),
(1029, 'Ruzica', 'Gazdic', 3, 1),
(1030, 'Petar', 'Colic', 3, 1),
(1031, 'Jovana', 'Zecevic', 3, 1),
(1032, 'Lazar', 'Stamenkovic', 3, 1),
(1033, 'Aleksa', 'Lancos', 3, 1),
(1034, 'Natasa', 'Petrovic', 3, 1),
(1035, 'Aleksandar', 'Jaksic', 3, 1),
(1036, 'Slobodan', 'Spalevic', 3, 1),
(1037, 'Branko', 'Miladinovic', 3, 1),
(1038, 'Vesna', 'Jovcic', 3, 1),
(1039, 'Davor', 'Markovic', 3, 1),
(1040, 'Milica', 'Baletic', 3, 1),
(1041, 'Zorana', 'Jankovic', 3, 1),
(1042, 'Kristina', 'Dragicevic', 3, 1),
(1043, 'Stefan', 'Petkovic', 3, 1),
(1044, 'Nevena', 'Lazovic', 3, 1),
(1045, 'Andrija', 'Bogdanovic', 3, 1),
(1046, 'Igor', 'Dobrijevic', 3, 1),
(1047, 'Milena', 'Jelicic', 3, 1),
(1048, 'Dejan', 'Mikulic', 3, 1),
(1049, 'Jasmina', 'Jordanovic', 3, 1),
(1050, 'Natasa', 'Maletic', 3, 1),
(1051, 'Milica', 'Zivkovic', 3, 1),
(1052, 'Suzana', 'Mijatovic', 3, 1),
(1053, 'Jelena', 'Nikolic', 3, 2),
(1054, 'Valentina', 'Stankovic', 3, 2),
(1055, 'Dusan', 'Blagojevic', 3, 2),
(1056, 'Milica', 'Vasilijevic', 3, 2),
(1057, 'Qusuay', 'Radulovic', 3, 2),
(1058, 'Nikola', 'Unkasevic', 3, 2),
(1059, 'Ana', 'Mitic', 3, 2),
(1060, 'Danilo', 'Stojanovic', 3, 2),
(1061, 'Danijela', 'Mladenovic', 3, 2),
(1062, 'Marko', 'Dondic', 3, 2),
(1063, 'Jelena', 'Milosevic', 3, 2),
(1064, 'Aleksandar', 'Stojsic', 3, 2),
(1065, 'Ruzica', 'Jovanovic', 3, 2),
(1066, 'Miodrag', 'Milosavljevic', 3, 2),
(1067, 'Rada', 'Vuksanovic', 3, 2),
(1068, 'Aleksandra', 'Stevanovic', 3, 2),
(1069, 'Dragana', 'Markovic', 3, 2),
(1070, 'Marija', 'Stojanovic', 3, 2),
(1071, 'Sladjana', 'Milovanovic', 3, 2),
(1072, 'Sonja', 'Ivanov', 3, 2),
(1073, 'Olivera', 'Adzic', 3, 2),
(1074, 'Marija', 'Randjelovic', 3, 2),
(1075, 'Anamaria', 'Krcakovic', 3, 2),
(1076, 'Ognjenka', 'Krstic', 3, 2),
(1077, 'Bojana', 'Paunovic', 3, 2),
(1078, 'Bogdan', 'Milic', 3, 2),
(1079, 'Jelena', 'Bucalo', 3, 2),
(1080, 'Nikola', 'Ninovic', 3, 2),
(1081, 'Aleksandar', 'Popovic', 3, 2),
(1082, 'Dubravka', 'Cvetanovic', 3, 2),
(1083, 'Marijana', 'Vujasevic', 3, 3),
(1084, 'Jovana', 'Sijakovic', 3, 3),
(1085, 'Marijana', 'Blagojevic', 3, 3),
(1086, 'Danica', 'Muljaic', 3, 3),
(1087, 'Bojana', 'Nikolic', 3, 3),
(1088, 'Marija', 'Adamovic', 3, 3),
(1089, 'Sasa', 'Hacko', 3, 3),
(1090, 'Marek', 'Jovanovic', 3, 3),
(1091, 'Aleksandra', 'Djordjevic', 3, 3),
(1092, 'Vladimir', 'Curdic', 3, 3),
(1093, 'Milan', 'Calic', 3, 3),
(1094, 'Magdalena', 'Pijovic', 3, 3),
(1095, 'Lazar', 'Zivadinovic', 3, 3),
(1096, 'Stanko', 'Djuric', 3, 3),
(1097, 'Irina', 'Panic', 3, 3),
(1098, 'Isidora', 'Radojevic', 3, 3),
(1099, 'Bozidar', 'Nikolic', 3, 3),
(1100, 'Marija', 'Aynekulu', 3, 3),
(1101, 'Danijela', 'Ajlidi', 3, 3),
(1102, 'Milan', 'Marojkin', 3, 3),
(1103, 'Dusan', 'Obradovic', 3, 3),
(1104, 'Stevan', 'Cirovic', 3, 3),
(1105, 'Ana', 'Tepavcevic', 3, 3),
(1106, 'Renata', 'Bjelis', 3, 3),
(1107, 'Dusan', 'Vasojevic', 3, 3),
(1108, 'Nikola', 'Milojkovic', 3, 3),
(1109, 'Marija', 'Antic', 3, 3),
(1110, 'Svetlana', 'Djurdjevac', 3, 3),
(1111, 'Almira', 'Brajevic', 3, 3),
(1112, 'Strahinja', 'Stefanovic', 3, 3),
(1113, 'Milica', 'Zalad-Gajic', 4, 1),
(1114, 'Marko', 'Ninkovic', 4, 1),
(1115, 'Danica', 'Losic', 4, 1),
(1116, 'Dragana', 'Toljic', 4, 1),
(1117, 'Marija', 'Sans Fuentes', 4, 1),
(1118, 'Aleksandra', 'Peric', 4, 1),
(1119, 'Daniel', 'Alqifiary', 4, 1),
(1120, 'Miroslav', 'Bakic', 4, 1),
(1121, 'Mihajlo', 'Stefanovic', 4, 1),
(1122, 'Galina', 'Rackovic', 4, 1),
(1123, 'Marina', 'Kocic', 4, 1),
(1124, 'Jelena', 'Gligorov', 4, 1),
(1125, 'Valerija', 'Dudic', 4, 1),
(1126, 'Bojana', 'Platisa', 4, 1),
(1127, 'Lenka', 'Grkavac', 4, 1),
(1128, 'Petar', 'Stupar', 4, 1),
(1129, 'Milica', 'Ristic', 4, 1),
(1130, 'Bojana', 'Stojanovic', 4, 1),
(1131, 'Nevena', 'Miletic', 4, 1),
(1132, 'Filip', 'Andonov', 4, 1),
(1133, 'Biljana', 'Jevtic', 4, 1),
(1134, 'Milica', 'Trajkovic', 4, 1),
(1135, 'Nemanja', 'Krnjaic', 4, 1),
(1136, 'Darko', 'Petrovic', 4, 1),
(1137, 'Slobodan', 'Todorovic', 4, 1),
(1138, 'Mladen', 'Vukomanovic', 4, 1),
(1139, 'Igor', 'Radovanovic', 4, 1),
(1140, 'Gala', 'Zivanic', 4, 1),
(1141, 'Marija', 'Jovicevic', 4, 1),
(1142, 'Ivan', 'Dragicevic', 4, 2),
(1143, 'Jovana', 'Savic', 4, 2),
(1144, 'Olivera', 'Ilic', 4, 2),
(1145, 'Mirjana', 'Jegdic', 4, 2),
(1146, 'Luka', 'Bizic', 4, 2),
(1147, 'Vladimir', 'Lazarevic', 4, 2),
(1148, 'Divna', 'Djukic', 4, 2),
(1149, 'Dusko', 'Lakicevic', 4, 2),
(1150, 'Veljko', 'Nesovanovic', 4, 2),
(1151, 'Svjetlana', 'Todorovic', 4, 2),
(1152, 'Lazar', 'Sosic', 4, 2),
(1153, 'Jelena', 'Mitrovic', 4, 2),
(1154, 'Katarina', 'Cvetic', 4, 2),
(1155, 'Olja', 'Djurisic', 4, 2),
(1156, 'Ivan', 'Prvulovic', 4, 2),
(1157, 'Milena', 'Krcevinac', 4, 2),
(1158, 'Ivana', 'Krunic', 4, 2),
(1159, 'Petar', 'Pantic', 4, 2),
(1160, 'Bojan', 'Avalic', 4, 2),
(1161, 'Pedja', 'Solomko', 4, 2),
(1162, 'Stefan', 'Vasiljevic', 4, 2),
(1163, 'Jelica', 'Lekic', 4, 2),
(1164, 'Sara Alejandra', 'Micovic', 4, 2),
(1165, 'Vladimir', 'Marinovic', 4, 2),
(1166, 'Ana', 'Stupar', 4, 2),
(1167, 'Katarina', 'Lazic', 4, 2),
(1168, 'Jovica', 'Knezevic', 4, 2),
(1169, 'Nemanja', 'Tasic', 4, 2),
(1170, 'Marko', 'Milasinovic', 4, 2),
(1171, 'Mirjana', 'Djordjevic', 4, 2),
(1172, 'Sonja', 'Dragicevic', 4, 3),
(1173, 'Marko', 'Vujovic', 4, 3),
(1174, 'Jelena', 'Grizelj', 4, 3),
(1175, 'Aleksandra', 'Tasic', 4, 3),
(1176, 'Vuk', 'Kaljevic', 4, 3),
(1177, 'Mirko', 'Bizic', 4, 3),
(1178, 'Nikola', 'Rnjak', 4, 3),
(1179, 'Milos', 'Milanovic', 4, 3),
(1180, 'Jelena', 'Jovanovic', 4, 3),
(1181, 'Mladen', 'Brajovic', 4, 3),
(1182, 'Milan', 'Vujicic', 4, 3),
(1183, 'Marija', 'Nikolic', 4, 3),
(1184, 'Milena', 'Nikolic', 4, 3),
(1185, 'Tihana', 'Damjanovic', 4, 3),
(1186, 'Snezana', 'Kuzovic', 4, 3),
(1187, 'Gordana', 'Panzalovic', 4, 3),
(1188, 'Marijana', 'Brankovic', 4, 3),
(1189, 'Marija', 'Djordjevic', 4, 3),
(1190, 'Djordje', 'Atanasovski', 4, 3),
(1191, 'Marko', 'Perencevic', 4, 3),
(1192, 'Marko', 'Cosic', 4, 3),
(1193, 'Milos', 'Samardzic', 4, 3),
(1194, 'Goran', 'Pavlovic', 4, 3),
(1195, 'Dusan', 'Manojlovic', 4, 3),
(1196, 'Filip', 'Radosavljevic', 4, 3),
(1197, 'Stevan', 'Mahdjik', 4, 3),
(1198, 'Jovana', 'Ivkovic', 4, 3),
(1199, 'Snezana', 'Stoimenov', 4, 3),
(1200, 'Irena', 'Gligorov', 4, 3),
(1201, 'Milana', 'Milosevic', 4, 3),
(1202, 'Marko', 'Jokic', 5, 1),
(1203, 'Milos', 'Sljivovac', 5, 1),
(1204, 'Aleksandar', 'Beslic', 5, 1),
(1205, 'Marinko', 'Kovacevic', 5, 1),
(1206, 'Nenad', 'Lecic', 5, 1),
(1207, 'Milos', 'Mihajlovic', 5, 1),
(1208, 'Djordje', 'Marjanovic', 5, 1),
(1209, 'Dusan', 'Zeljug', 5, 1),
(1210, 'Filip', 'Dimitrijevic', 5, 1),
(1211, 'Neda', 'Djurkovic', 5, 1),
(1212, 'Ivan', 'Rasula', 5, 1),
(1213, 'Milan', 'Graovcevic', 5, 1),
(1214, 'Petar', 'Andjic', 5, 1),
(1215, 'Dijana', 'Laban', 5, 1),
(1216, 'Marko', 'Vidojevic', 5, 1),
(1217, 'Jovana', 'Banjac', 5, 1),
(1218, 'Aleksandar', 'Jovic', 5, 1),
(1219, 'Nikola', 'Milanovic', 5, 1),
(1220, 'Ivan', 'Scepovic', 5, 1),
(1221, 'Djordje', 'Dobrijevic', 5, 1),
(1222, 'Petar', 'Dangubic', 5, 1),
(1223, 'Irena', 'Gajic', 5, 1),
(1224, 'Dalibor', 'Stanojevic', 5, 1),
(1225, 'Marinko', 'Aleksic', 5, 1),
(1226, 'Miladin', 'Bozovic', 5, 1),
(1227, 'Sinisa', 'Rakonjac', 5, 1),
(1228, 'Marija', 'Cvetkovic', 5, 1),
(1229, 'Nino', 'Vukic', 5, 1),
(1230, 'Nemanja', 'Kuzeljevic', 5, 1),
(1231, 'Aleksandra', 'Pavlovic', 5, 2),
(1232, 'Nikola', 'Protic', 5, 2),
(1233, 'Andrija', 'Milosavljevic', 5, 2),
(1234, 'Sanja', 'Prisunjak', 5, 2),
(1235, 'Marko', 'Jovanovic', 5, 2),
(1236, 'Borisav', 'Stojanovic', 5, 2),
(1237, 'Aleksandra', 'Maksimovic', 5, 2),
(1238, 'Sasa', 'Stanojevic', 5, 2),
(1239, 'Sanja', 'Nikolic', 5, 2),
(1240, 'Danilo', 'Spasojevic', 5, 2),
(1241, 'Jovana', 'Konakovic', 5, 2),
(1242, 'Emhimed', 'Zlatkovic', 5, 2),
(1243, 'Veljko', 'Stojic', 5, 2),
(1244, 'Dragana', 'Simic', 5, 2),
(1245, 'Jelena', 'Stamenkovic', 5, 2),
(1246, 'Jelena', 'Zivadinovic', 5, 2),
(1247, 'Aleksandar', 'Peric', 5, 2),
(1248, 'Stefan', 'Pejatovic', 5, 2),
(1249, 'Qusuay', 'Jonic', 5, 2),
(1250, 'Milan', 'Dulic', 5, 2),
(1251, 'Ivan', 'Zlatkovic', 5, 2),
(1252, 'Ivana', 'Miletic', 5, 2),
(1253, 'Ivan', 'Panzalovic', 5, 2),
(1254, 'Laslo', 'Jurlina', 5, 2),
(1255, 'Marija', 'Urosevic', 5, 2),
(1256, 'Predrag', 'Peric', 5, 2),
(1257, 'Ivana', 'Lucic', 5, 2),
(1258, 'Marko', 'Zecevic', 5, 2),
(1259, 'Davor', 'Samardzic', 5, 2),
(1260, 'Andjelka', 'Mitrasinovic', 5, 2),
(1261, 'Igor', 'Jakovljevic', 5, 3),
(1262, 'Milica', 'Kuzmanovic', 5, 3),
(1263, 'Vera-Djurdjija', 'Kuljevacki', 5, 3),
(1264, 'Aleksandra', 'Nastic', 5, 3),
(1265, 'Nikola', 'Grubacki', 5, 3),
(1266, 'Petar', 'Barabas', 5, 3),
(1267, 'Milos', 'Marjanovic', 5, 3),
(1268, 'Jovan', 'Kacarevic', 5, 3),
(1269, 'Vukman', 'Cerovic', 5, 3),
(1270, 'Milica', 'Djurdjevac', 5, 3),
(1271, 'Marina', 'Nikicevic', 5, 3),
(1272, 'Andjelka', 'Tuba', 5, 3),
(1273, 'Srdjan', 'Zivkovic', 5, 3),
(1274, 'Milena', 'Djordjevic', 5, 3),
(1275, 'Djordje', 'Skendzic', 5, 3),
(1276, 'Dragana', 'Milic', 5, 3),
(1277, 'Aleksandra', 'Djurisic', 5, 3),
(1278, 'Milica', 'Vucic', 5, 3),
(1279, 'Jelena', 'Markovic', 5, 3),
(1280, 'Cedomir', 'Sekularac', 5, 3),
(1281, 'Jelena', 'Vujicic', 5, 3),
(1282, 'Gala', 'Prica', 5, 3),
(1283, 'Borka', 'Ginic', 5, 3),
(1284, 'Raca', 'Pantelic', 5, 3),
(1285, 'Nikola', 'Balaban', 5, 3),
(1286, 'Stefan', 'Hodzic', 5, 3),
(1287, 'Natasa', 'Jovanovic', 5, 3),
(1288, 'Tanja', 'Ilic', 5, 3),
(1289, 'Djordje', 'Kovacevic', 5, 3),
(1290, 'Emilija', 'Markovic', 5, 3),
(1291, 'Sanja', 'Nikolic', 6, 1),
(1292, 'Marko', 'Sojevic', 6, 1),
(1293, 'Slobodan', 'Tosic', 6, 1),
(1294, 'Nikola', 'Ljuboja', 6, 1),
(1295, 'Boris', 'Mohamed', 6, 1),
(1296, 'Petar', 'Pandurica', 6, 1),
(1297, 'Jovana', 'Obradovic', 6, 1),
(1298, 'Ivana', 'Zivojinovic', 6, 1),
(1299, 'Aleksandra', 'Krivokapic', 6, 1),
(1300, 'Branko', 'Karadzic', 6, 1),
(1301, 'Novica', 'Stefanovic', 6, 1),
(1302, 'Marko', 'Tomovic', 6, 1),
(1303, 'Marija', 'Radosavljevic', 6, 1),
(1304, 'Miroljub', 'Faragovic', 6, 1),
(1305, 'Milena', 'Trivuncic', 6, 1),
(1306, 'Stefan', 'Milosevic', 6, 1),
(1307, 'Dimitrije', 'Sudar', 6, 1),
(1308, 'Jelena', 'Strizovic', 6, 1),
(1309, 'Katarina', 'Jovanovic', 6, 1),
(1310, 'Marijana', 'Grgurevic', 6, 1),
(1311, 'Marijana', 'Stamatovic', 6, 1),
(1312, 'Dragana', 'Stevanovic', 6, 1),
(1313, 'Milena', 'Lazic', 6, 1),
(1314, 'Dijana', 'Djordjevic', 6, 1),
(1315, 'Bojan', 'y', 6, 1),
(1316, 'Slavica', 'Rankov', 6, 1),
(1317, 'Slavisa', 'Mitic', 6, 1),
(1318, 'Slobodan', 'Mitrovic', 6, 1),
(1319, 'Nikola', 'Miskovic', 6, 1),
(1320, 'Ilija', 'Bankovic', 6, 2),
(1321, 'Aleksandra', 'Samardzic', 6, 2),
(1322, 'Divna', 'Dotlic', 6, 2),
(1323, 'Lenka', 'Miladinovic', 6, 2),
(1324, 'Vladimir', 'Jovanovic', 6, 2),
(1325, 'Sasa', 'Mancic', 6, 2),
(1326, 'Milica', 'Mihajlovic', 6, 2),
(1327, 'Mirjana', 'Simonovic', 6, 2),
(1328, 'Mima', 'Pozdnjakov', 6, 2),
(1329, 'Nikolina', 'Jankov', 6, 2),
(1330, 'Milica', 'Kolacek', 6, 2),
(1331, 'Mina', 'Stamenkovic', 6, 2),
(1332, 'Alen', 'Stankovic', 6, 2),
(1333, 'Andrej', 'Spasic', 6, 2),
(1334, 'Igor', 'Jurlina', 6, 2),
(1335, 'Jovana', 'Minic', 6, 2),
(1336, 'Marija', 'Jovanovic', 6, 2),
(1337, 'Vanja', 'Todorovic', 6, 2),
(1338, 'Dina', 'Milenkovic', 6, 2),
(1339, 'Mirjana', 'Davidov', 6, 2),
(1340, 'Vesna', 'Bulatovic', 6, 2),
(1341, 'Igor', 'Rajic', 6, 2),
(1342, 'Katarina', 'Stepanic', 6, 2),
(1343, 'Jelena', 'Poleksic', 6, 2),
(1344, 'Zeljko', 'Netkovic', 6, 2),
(1345, 'Nemanja', 'Vulicevic', 6, 2),
(1346, 'Aleksandra', 'Rajcic', 6, 2),
(1347, 'Danijel', 'Radojevic', 6, 2),
(1348, 'Dejan', 'Radovic', 6, 2),
(1349, 'Stefan', 'Kostic', 6, 2),
(1350, 'Bojan', 'Relic', 6, 3),
(1351, 'Sasa', 'Mijatovic', 6, 3),
(1352, 'Bojan', 'Mihalic', 6, 3),
(1353, 'Tamara', 'Vuletin', 6, 3),
(1354, 'Dragana', 'Rajacic', 6, 3),
(1355, 'Milena', 'Miletic', 6, 3),
(1356, 'Nevena', 'Nenadovic', 6, 3),
(1357, 'Ehfayed', 'Petrovic', 6, 3),
(1358, 'Gojko', 'Savic', 6, 3),
(1359, 'Sladjana', 'Zivanovic', 6, 3),
(1360, 'Srdjan', 'Mihalic', 6, 3),
(1361, 'Milica', 'Peneva', 6, 3),
(1362, 'Marko', 'Ivanovic', 6, 3),
(1363, 'Danica', 'Sesum', 6, 3),
(1364, 'Srdjan', 'Dragojlovic', 6, 3),
(1365, 'Marijana', 'Tubin', 6, 3),
(1366, 'Emir', 'Mihajlovic', 6, 3),
(1367, 'Petar', 'Kostic', 6, 3),
(1368, 'Ivan', 'Scepovic', 6, 3),
(1369, 'Biljana', 'Popovic', 6, 3),
(1370, 'Ivana', 'Bjelos', 6, 3),
(1371, 'Nina', 'Gligorov', 6, 3),
(1372, 'Aleksandra', 'Bubanja', 6, 3),
(1373, 'Tamara', 'Manojlovic', 6, 3),
(1374, 'Djurica', 'Urosevic', 6, 3),
(1375, 'Ivana', 'Grubor', 6, 3),
(1376, 'Marko', 'Curdic', 6, 3),
(1377, 'Igor', 'Djuric', 6, 3),
(1378, 'Ivana', 'Elez', 6, 3),
(1379, 'Novak', 'Maric', 6, 3),
(1380, 'Svetislav', 'Djurdjevic', 7, 1),
(1381, 'Aleksandar', 'Ilic', 7, 1),
(1382, 'Marijana', 'Krivacevic', 7, 1),
(1383, 'Leta', 'Stancic', 7, 1),
(1384, 'Janko', 'Grkovic', 7, 1),
(1385, 'Marijana', 'Saric', 7, 1),
(1386, 'Maja', 'Biberdzic', 7, 1),
(1387, 'Petar', 'Vukosavljevic', 7, 1),
(1388, 'Miroslav', 'Pesic', 7, 1),
(1389, 'Nikola', 'Cugurovic', 7, 1),
(1390, 'Danka', 'Mijatovic', 7, 1),
(1391, 'Milada', 'Cerovina', 7, 1),
(1392, 'Ana', 'Vujetic', 7, 1),
(1393, 'Jelena', 'Bovan', 7, 1),
(1394, 'Marija', 'Mohamed', 7, 1),
(1395, 'Darko', 'Rackovic', 7, 1),
(1396, 'Gordana', 'Mihajlovic', 7, 1),
(1397, 'Nikola', 'Vuckovic', 7, 1),
(1398, 'Danijela', 'Jevtic', 7, 1),
(1399, 'Andrija', 'Smole', 7, 1),
(1400, 'Nevena', 'Danicic', 7, 1),
(1401, 'Jovana', 'Jovanovic', 7, 1),
(1402, 'Jovana', 'Brankovan', 7, 1),
(1403, 'Sasa', 'Lekic', 7, 1),
(1404, 'Ivan', 'Markovic', 7, 1),
(1405, 'Ognjen', 'Jovanovic', 7, 1),
(1406, 'Nikola', 'Milinovic', 7, 1),
(1407, 'Milos', 'Miletic', 7, 1),
(1408, 'Petar', 'Spasojevic', 7, 1),
(1409, 'Biljana', 'Mojsilovic', 7, 2),
(1410, 'Emir', 'Stefanovic', 7, 2),
(1411, 'Vladislav', 'Utvic', 7, 2),
(1412, 'Igor', 'Punisic', 7, 2),
(1413, 'Nebojsa', 'Stojanovic', 7, 2),
(1414, 'Petar', 'Petrovic', 7, 2),
(1415, 'Vesna', 'Vladicic', 7, 2),
(1416, 'Olivera', 'Joksimovic', 7, 2),
(1417, 'Ana', 'Cvetkovic', 7, 2),
(1418, 'Anamarija', 'Rasula', 7, 2),
(1419, 'Dalibor', 'Ilic', 7, 2),
(1420, 'Marija', 'Mutavdzic', 7, 2),
(1421, 'Stefan', 'Serifi', 7, 2),
(1422, 'Nevena', 'Radulovic', 7, 2),
(1423, 'Amra', 'Brasanac', 7, 2),
(1424, 'Slavisa', 'Velanac', 7, 2),
(1425, 'Milos', 'Nastic', 7, 2),
(1426, 'Ivana', 'Tadic', 7, 2),
(1427, 'Dejan', 'Vasic', 7, 2),
(1428, 'Aleksandra', 'Ivanovski', 7, 2),
(1429, 'Kristina', 'Petalinkar', 7, 2),
(1430, 'Filip', 'Lancos', 7, 2),
(1431, 'Nikola', 'Utvic', 7, 2),
(1432, 'Julija', 'Lendjel', 7, 2),
(1433, 'Dragan', 'Gicic', 7, 2),
(1434, 'Marijana', 'Krsmanovic', 7, 2),
(1435, 'Milos', 'DZodic', 7, 2),
(1436, 'Stojan', 'Elez', 7, 2),
(1437, 'Jelena', 'Kostic', 7, 2),
(1438, 'Natasa', 'Laketic', 7, 2),
(1439, 'Milos', 'Petrovic', 7, 3),
(1440, 'Milos', 'Crnogorac', 7, 3),
(1441, 'Milica', 'Stojanovic', 7, 3),
(1442, 'Aleksandra', 'Batinic', 7, 3),
(1443, 'Marko', 'Shalandi', 7, 3),
(1444, 'Dejan', 'Stanojevic', 7, 3),
(1445, 'Edin', 'Kokanovic', 7, 3),
(1446, 'Georgi', 'Milosevic', 7, 3),
(1447, 'Milica', 'Stojcic', 7, 3),
(1448, 'Slavisa', 'Dimitrijevic', 7, 3),
(1449, 'Nevena', 'Popovic', 7, 3),
(1450, 'Ksenija', 'Serafimovic', 7, 3),
(1451, 'Olivera', 'Toljic', 7, 3),
(1452, 'Miljana', 'Petkovic', 7, 3),
(1453, 'Dragan', 'Vranic', 7, 3),
(1454, 'Dragana', 'Nesic', 7, 3),
(1455, 'Medina', 'Kostov', 7, 3),
(1456, 'Andrija', 'Mitrovic', 7, 3),
(1457, 'Jelena', 'Vojinovic', 7, 3),
(1458, 'Tijana', 'Ajlidi', 7, 3),
(1459, 'Bojana', 'Rakic', 7, 3),
(1460, 'Bojana', 'Petrovic', 7, 3),
(1461, 'Biljana', 'Vranic', 7, 3),
(1462, 'Tatiana', 'Stevanovic', 7, 3),
(1463, 'Gordana', 'Novovic', 7, 3),
(1464, 'Marko', 'Kanan', 7, 3),
(1465, 'Milica', 'Tosic', 7, 3),
(1466, 'Ivan', 'Popovic', 7, 3),
(1467, 'Vladan', 'Markovic', 7, 3),
(1468, 'Ivana', 'Bukurov', 7, 3),
(1469, 'Milos', 'Jaksic', 8, 1),
(1470, 'Jelena', 'Grujicic', 8, 1),
(1471, 'Aleksa', 'Bankovic', 8, 1),
(1472, 'Danica', 'Petrovic', 8, 1),
(1473, 'Vladimir', 'Kovacevic', 8, 1),
(1474, 'Andrijana', 'Romcevic', 8, 1),
(1475, 'Andrijana', 'Dobrijevic', 8, 1),
(1476, 'Milena', 'Smole', 8, 1),
(1477, 'Dunja', 'Teodorovic', 8, 1),
(1478, 'Olga', 'Prsic', 8, 1),
(1479, 'Katarina', 'Mijailovic', 8, 1),
(1480, 'Ivana', 'Savovic', 8, 1),
(1481, 'Aleksandar', 'Milovanovic', 8, 1),
(1482, 'Marko', 'Cukic', 8, 1),
(1483, 'Zlatan', 'Nedeljkovic', 8, 1),
(1484, 'Maida', 'Spalevic', 8, 1),
(1485, 'Mladen', 'Vuksa Popovic', 8, 1),
(1486, 'Tanja', 'Topalovic', 8, 1),
(1487, 'Nevena', 'Stajic', 8, 1),
(1488, 'Igor', 'Avramovic', 8, 1),
(1489, 'Lazar', 'Vuksa', 8, 1),
(1490, 'Aleksandra', 'Janjic', 8, 1),
(1491, 'Marko', 'Ilic', 8, 1),
(1492, 'Bojana', 'Sofronijevic', 8, 1),
(1493, 'Dejan', 'Golubovic', 8, 1),
(1494, 'Branko', 'Kuzeljevic', 8, 1),
(1495, 'Milan', 'Samardzic', 8, 1),
(1496, 'Jelena', 'Kostic', 8, 1),
(1497, 'a', 'Knezevic', 8, 1),
(1498, 'Milos', 'Todosic', 8, 2),
(1499, 'Pedja', 'Jovic', 8, 2),
(1500, 'Dubravka', 'Petrovic', 8, 2),
(1501, 'Zora', 'Knezevic', 8, 2),
(1502, 'Nikola', 'Jakovac', 8, 2),
(1503, 'Milica', 'Paunovic', 8, 2),
(1504, 'Igor', 'Jelic', 8, 2),
(1505, 'Simo', 'Novakovic', 8, 2),
(1506, 'Dusan', 'Stojic', 8, 2),
(1507, 'Milena', 'Kebic', 8, 2),
(1508, 'Nikola', 'Jovanovic', 8, 2),
(1509, 'Irena', 'Karapandzic', 8, 2),
(1510, 'Jovana', 'Jaksic', 8, 2),
(1511, 'Branislav', 'Milosevic', 8, 2),
(1512, 'Milan', 'Stankovic', 8, 2),
(1513, 'Srdjan', 'Bukusic', 8, 2),
(1514, 'Igor', 'Jovanovic', 8, 2),
(1515, 'Nina', 'Stefanovic', 8, 2),
(1516, 'Olivera', 'Radovanovic', 8, 2),
(1517, 'Emir', 'Jovicic', 8, 2),
(1518, 'Vladimir', 'Baltic', 8, 2),
(1519, 'Marijana', 'Biocanin', 8, 2),
(1520, 'Milan', 'Cupic', 8, 2),
(1521, 'Maja', 'Rusuloj', 8, 2),
(1522, 'Zvezdan', 'Milijanovic', 8, 2),
(1523, 'Marina', 'Dimic', 8, 2),
(1524, 'Milos', 'Mojsilovic', 8, 2),
(1525, 'Andjelka', 'Telebak', 8, 2),
(1526, 'Stevan', 'Radulovic', 8, 2),
(1527, 'Sanja', 'Bozovic', 8, 2),
(1528, 'Sandra', 'Delic', 8, 3),
(1529, 'Biljana', 'Stamenic', 8, 3),
(1530, 'Bojan', 'Rusuloj', 8, 3),
(1531, 'Silvija', 'Jovovic', 8, 3),
(1532, 'Katarina', 'Sijakovic', 8, 3),
(1533, 'Milica', 'Sokovic', 8, 3),
(1534, 'Aleksandar', 'Hofer', 8, 3),
(1535, 'Andjelka', 'Rajcic', 8, 3),
(1536, 'Mladen', 'Srbljanin-Tubic', 8, 3),
(1537, 'Milena', 'Mitrovic', 8, 3),
(1538, 'Marina', 'Nastic', 8, 3),
(1539, 'Jelena', 'Davidovic', 8, 3),
(1540, 'Nevena', 'Bozic', 8, 3),
(1541, 'Jelena', 'Zamos', 8, 3),
(1542, 'Sonja', 'Simak', 8, 3),
(1543, 'Darko', 'Djurdjevic', 8, 3),
(1544, 'Uros', 'DZeletovic', 8, 3),
(1545, 'Nikola', 'Brkic', 8, 3),
(1546, 'Djordje', 'Banjanac', 8, 3),
(1547, 'Ana', 'Sekulic', 8, 3),
(1548, 'Marko', 'Vuckovic', 8, 3),
(1549, 'Jovana', 'Martic', 8, 3),
(1550, 'Sonja', 'Novitovic', 8, 3),
(1551, 'Nikola', 'Stojilkovic', 8, 3),
(1552, 'Novak', 'Marovac', 8, 3),
(1553, 'Perica', 'Divnic', 8, 3),
(1554, 'Dusan', 'Zivkovic', 8, 3),
(1555, 'Marko', 'Cordas', 8, 3),
(1556, 'Bojan', 'Radeta', 8, 3),
(1557, 'Jasmina', 'Premcevski', 8, 3);

--
-- Indexes for dumped tables
--

--
-- Indexes for table `NastavnoOsoblje`
--
ALTER TABLE `NastavnoOsoblje`
  ADD PRIMARY KEY (`ID`),
  ADD KEY `fk_PredmetID(ID)` (`PredmetID`);

--
-- Indexes for table `ObaveznostPredmeta`
--
ALTER TABLE `ObaveznostPredmeta`
  ADD PRIMARY KEY (`ID`);

--
-- Indexes for table `Predmeti`
--
ALTER TABLE `Predmeti`
  ADD PRIMARY KEY (`ID`),
  ADD KEY `fk_Izborni(ID)` (`Izborni`);

--
-- Indexes for table `Ucenici`
--
ALTER TABLE `Ucenici`
  ADD PRIMARY KEY (`ID`);

--
-- AUTO_INCREMENT for dumped tables
--

--
-- AUTO_INCREMENT for table `NastavnoOsoblje`
--
ALTER TABLE `NastavnoOsoblje`
  MODIFY `ID` int(11) NOT NULL AUTO_INCREMENT, AUTO_INCREMENT=38;

--
-- AUTO_INCREMENT for table `ObaveznostPredmeta`
--
ALTER TABLE `ObaveznostPredmeta`
  MODIFY `ID` tinyint(4) NOT NULL AUTO_INCREMENT, AUTO_INCREMENT=3;

--
-- AUTO_INCREMENT for table `Predmeti`
--
ALTER TABLE `Predmeti`
  MODIFY `ID` int(11) NOT NULL AUTO_INCREMENT, AUTO_INCREMENT=26;

--
-- AUTO_INCREMENT for table `Ucenici`
--
ALTER TABLE `Ucenici`
  MODIFY `ID` int(11) NOT NULL AUTO_INCREMENT, AUTO_INCREMENT=1558;

--
-- Constraints for dumped tables
--

--
-- Constraints for table `NastavnoOsoblje`
--
ALTER TABLE `NastavnoOsoblje`
  ADD CONSTRAINT `fk_PredmetID(ID)` FOREIGN KEY (`PredmetID`) REFERENCES `Predmeti` (`ID`);

--
-- Constraints for table `Predmeti`
--
ALTER TABLE `Predmeti`
  ADD CONSTRAINT `fk_Izborni(ID)` FOREIGN KEY (`Izborni`) REFERENCES `ObaveznostPredmeta` (`ID`);
COMMIT;

/*!40101 SET CHARACTER_SET_CLIENT=@OLD_CHARACTER_SET_CLIENT */;
/*!40101 SET CHARACTER_SET_RESULTS=@OLD_CHARACTER_SET_RESULTS */;
/*!40101 SET COLLATION_CONNECTION=@OLD_COLLATION_CONNECTION */;
